{
    "rmse": 0.8050863675052666,
    "mae": 0.65946518697321,
    "r2": 0.008174066315615902
}